日本語名,カード版ファイル名,アイコン版ファイル名,カード版保存先,アイコン版保存先
ごはん,ingredient-rice.webp,ingredient-rice-icon.webp,recipe-game/assets/ingredients/cards/,recipe-game/assets/ingredients/icons/
パン,ingredient-bread.webp,ingredient-bread-icon.webp,recipe-game/assets/ingredients/cards/,recipe-game/assets/ingredients/icons/
パスタ,ingredient-pasta.webp,ingredient-pasta-icon.webp,recipe-game/assets/ingredients/cards/,recipe-game/assets/ingredients/icons/
こむぎこ,ingredient-flour.webp,ingredient-flour-icon.webp,recipe-game/assets/ingredients/cards/,recipe-game/assets/ingredients/icons/
たまご,ingredient-egg.webp,ingredient-egg-icon.webp,recipe-game/assets/ingredients/cards/,recipe-game/assets/ingredients/icons/
ぎゅうにゅう,ingredient-milk.webp,ingredient-milk-icon.webp,recipe-game/assets/ingredients/cards/,recipe-game/assets/ingredients/icons/
クリーム,ingredient-cream.webp,ingredient-cream-icon.webp,recipe-game/assets/ingredients/cards/,recipe-game/assets/ingredients/icons/
バター,ingredient-butter.webp,ingredient-butter-icon.webp,recipe-game/assets/ingredients/cards/,recipe-game/assets/ingredients/icons/
チーズ,ingredient-cheese.webp,ingredient-cheese-icon.webp,recipe-game/assets/ingredients/cards/,recipe-game/assets/ingredients/icons/
アイス,ingredient-icecream.webp,ingredient-icecream-icon.webp,recipe-game/assets/ingredients/cards/,recipe-game/assets/ingredients/icons/
たまねぎ,ingredient-onion.webp,ingredient-onion-icon.webp,recipe-game/assets/ingredients/cards/,recipe-game/assets/ingredients/icons/
にんじん,ingredient-carrot.webp,ingredient-carrot-icon.webp,recipe-game/assets/ingredients/cards/,recipe-game/assets/ingredients/icons/
じゃがいも,ingredient-potato.webp,ingredient-potato-icon.webp,recipe-game/assets/ingredients/cards/,recipe-game/assets/ingredients/icons/
トマト,ingredient-tomato.webp,ingredient-tomato-icon.webp,recipe-game/assets/ingredients/cards/,recipe-game/assets/ingredients/icons/
きゅうり,ingredient-cucumber.webp,ingredient-cucumber-icon.webp,recipe-game/assets/ingredients/cards/,recipe-game/assets/ingredients/icons/
レタス,ingredient-lettuce.webp,ingredient-lettuce-icon.webp,recipe-game/assets/ingredients/cards/,recipe-game/assets/ingredients/icons/
きのこ,ingredient-mushroom.webp,ingredient-mushroom-icon.webp,recipe-game/assets/ingredients/cards/,recipe-game/assets/ingredients/icons/
おにく,ingredient-meat.webp,ingredient-meat-icon.webp,recipe-game/assets/ingredients/cards/,recipe-game/assets/ingredients/icons/
とりにく,ingredient-chicken.webp,ingredient-chicken-icon.webp,recipe-game/assets/ingredients/cards/,recipe-game/assets/ingredients/icons/
ベーコン,ingredient-bacon.webp,ingredient-bacon-icon.webp,recipe-game/assets/ingredients/cards/,recipe-game/assets/ingredients/icons/
ハム,ingredient-ham.webp,ingredient-ham-icon.webp,recipe-game/assets/ingredients/cards/,recipe-game/assets/ingredients/icons/
ケチャップ,ingredient-ketchup.webp,ingredient-ketchup-icon.webp,recipe-game/assets/ingredients/cards/,recipe-game/assets/ingredients/icons/
カレールウ,ingredient-curryroux.webp,ingredient-curryroux-icon.webp,recipe-game/assets/ingredients/cards/,recipe-game/assets/ingredients/icons/
さとう,ingredient-sugar.webp,ingredient-sugar-icon.webp,recipe-game/assets/ingredients/cards/,recipe-game/assets/ingredients/icons/
いちご,ingredient-strawberry.webp,ingredient-strawberry-icon.webp,recipe-game/assets/ingredients/cards/,recipe-game/assets/ingredients/icons/
バナナ,ingredient-banana.webp,ingredient-banana-icon.webp,recipe-game/assets/ingredients/cards/,recipe-game/assets/ingredients/icons/
エビ,ingredient-shrimp.webp,ingredient-shrimp-icon.webp,recipe-game/assets/ingredients/cards/,recipe-game/assets/ingredients/icons/
イカ,ingredient-squid.webp,ingredient-squid-icon.webp,recipe-game/assets/ingredients/cards/,recipe-game/assets/ingredients/icons/
