日本語名,ファイル名,必要食材1,必要食材2,必要食材3,必要食材4,必要食材5,必要食材6,保存先,確認結果
カレー,recipe-curry.webp,ごはん,たまねぎ,にんじん,じゃがいも,おにく,カレールウ,recipe-game/assets/recipes/cards/,OK
カレー,recipe-curry-dish.webp,ごはん,たまねぎ,にんじん,じゃがいも,おにく,カレールウ,recipe-game/assets/recipes/dishes/,OK
オムライス,recipe-omelet-rice.webp,ごはん,たまご,たまねぎ,とりにく,ケチャップ,バター,recipe-game/assets/recipes/cards/,OK
オムライス,recipe-omelet-rice-dish.webp,ごはん,たまご,たまねぎ,とりにく,ケチャップ,バター,recipe-game/assets/recipes/dishes/,OK
グラタン,recipe-gratin.webp,ぎゅうにゅう,チーズ,たまねぎ,きのこ,バター,こむぎこ,recipe-game/assets/recipes/cards/,OK
グラタン,recipe-gratin-dish.webp,ぎゅうにゅう,チーズ,たまねぎ,きのこ,バター,こむぎこ,recipe-game/assets/recipes/dishes/,OK
ナポリタン,recipe-napolitan.webp,パスタ,トマト,たまねぎ,きのこ,ベーコン,ケチャップ,recipe-game/assets/recipes/cards/,OK
ナポリタン,recipe-napolitan-dish.webp,パスタ,トマト,たまねぎ,きのこ,ベーコン,ケチャップ,recipe-game/assets/recipes/dishes/,OK
サンドイッチ,recipe-sandwich.webp,パン,レタス,ハム,きゅうり,たまご,チーズ,recipe-game/assets/recipes/cards/,OK
サンドイッチ,recipe-sandwich-dish.webp,パン,レタス,ハム,きゅうり,たまご,チーズ,recipe-game/assets/recipes/dishes/,OK
いちごケーキ,recipe-strawberry-cake.webp,こむぎこ,たまご,ぎゅうにゅう,さとう,いちご,クリーム,recipe-game/assets/recipes/cards/,OK
いちごケーキ,recipe-strawberry-cake-dish.webp,こむぎこ,たまご,ぎゅうにゅう,さとう,いちご,クリーム,recipe-game/assets/recipes/dishes/,OK
パンケーキ,recipe-pancake.webp,こむぎこ,たまご,ぎゅうにゅう,バター,いちご,クリーム,recipe-game/assets/recipes/cards/,OK
パンケーキ,recipe-pancake-dish.webp,こむぎこ,たまご,ぎゅうにゅう,バター,いちご,クリーム,recipe-game/assets/recipes/dishes/,OK
フルーツサンド,recipe-fruit-sandwich.webp,パン,クリーム,いちご,バナナ,ぎゅうにゅう,さとう,recipe-game/assets/recipes/cards/,OK
フルーツサンド,recipe-fruit-sandwich-dish.webp,パン,クリーム,いちご,バナナ,ぎゅうにゅう,さとう,recipe-game/assets/recipes/dishes/,OK
プリンアラモード,recipe-pudding-a-la-mode.webp,たまご,ぎゅうにゅう,さとう,クリーム,いちご,バナナ,recipe-game/assets/recipes/cards/,OK
プリンアラモード,recipe-pudding-a-la-mode-dish.webp,たまご,ぎゅうにゅう,さとう,クリーム,いちご,バナナ,recipe-game/assets/recipes/dishes/,OK
フレンチトースト,recipe-french-toast.webp,パン,たまご,ぎゅうにゅう,バター,さとう,いちご,recipe-game/assets/recipes/cards/,OK
フレンチトースト,recipe-french-toast-dish.webp,パン,たまご,ぎゅうにゅう,バター,さとう,いちご,recipe-game/assets/recipes/dishes/,OK
ピザトースト,recipe-pizza-toast.webp,パン,トマト,チーズ,たまねぎ,ベーコン,ケチャップ,recipe-game/assets/recipes/cards/,OK
ピザトースト,recipe-pizza-toast-dish.webp,パン,トマト,チーズ,たまねぎ,ベーコン,ケチャップ,recipe-game/assets/recipes/dishes/,OK
クリームパスタ,recipe-cream-pasta.webp,パスタ,クリーム,ぎゅうにゅう,チーズ,ベーコン,きのこ,recipe-game/assets/recipes/cards/,OK
クリームパスタ,recipe-cream-pasta-dish.webp,パスタ,クリーム,ぎゅうにゅう,チーズ,ベーコン,きのこ,recipe-game/assets/recipes/dishes/,OK
バナナパンケーキ,recipe-banana-pancake.webp,こむぎこ,たまご,ぎゅうにゅう,バター,バナナ,クリーム,recipe-game/assets/recipes/cards/,OK
バナナパンケーキ,recipe-banana-pancake-dish.webp,こむぎこ,たまご,ぎゅうにゅう,バター,バナナ,クリーム,recipe-game/assets/recipes/dishes/,OK
ポテトグラタン,recipe-potato-gratin.webp,じゃがいも,クリーム,ぎゅうにゅう,チーズ,たまねぎ,ベーコン,recipe-game/assets/recipes/cards/,OK
ポテトグラタン,recipe-potato-gratin-dish.webp,じゃがいも,クリーム,ぎゅうにゅう,チーズ,たまねぎ,ベーコン,recipe-game/assets/recipes/dishes/,OK
ハムチーズトースト,recipe-ham-cheese-toast.webp,パン,ハム,チーズ,バター,トマト,レタス,recipe-game/assets/recipes/cards/,OK
ハムチーズトースト,recipe-ham-cheese-toast-dish.webp,パン,ハム,チーズ,バター,トマト,レタス,recipe-game/assets/recipes/dishes/,OK
シーフードカレー,recipe-seafood-curry.webp,ごはん,たまねぎ,にんじん,エビ,イカ,カレールウ,recipe-game/assets/recipes/cards/,OK
シーフードカレー,recipe-seafood-curry-dish.webp,ごはん,たまねぎ,にんじん,エビ,イカ,カレールウ,recipe-game/assets/recipes/dishes/,OK
シーフードグラタン,recipe-seafood-gratin.webp,ぎゅうにゅう,チーズ,たまねぎ,エビ,イカ,こむぎこ,recipe-game/assets/recipes/cards/,OK
シーフードグラタン,recipe-seafood-gratin-dish.webp,ぎゅうにゅう,チーズ,たまねぎ,エビ,イカ,こむぎこ,recipe-game/assets/recipes/dishes/,OK
シーフードクリームパスタ,recipe-seafood-cream-pasta.webp,パスタ,クリーム,ぎゅうにゅう,エビ,イカ,きのこ,recipe-game/assets/recipes/cards/,OK
シーフードクリームパスタ,recipe-seafood-cream-pasta-dish.webp,パスタ,クリーム,ぎゅうにゅう,エビ,イカ,きのこ,recipe-game/assets/recipes/dishes/,OK
シーフードピザ,recipe-seafood-pizza.webp,こむぎこ,トマト,チーズ,たまねぎ,エビ,イカ,recipe-game/assets/recipes/cards/,OK
シーフードピザ,recipe-seafood-pizza-dish.webp,こむぎこ,トマト,チーズ,たまねぎ,エビ,イカ,recipe-game/assets/recipes/dishes/,OK
ミックスピザ,recipe-mixed-pizza.webp,こむぎこ,トマト,チーズ,たまねぎ,ベーコン,きのこ,recipe-game/assets/recipes/cards/,OK
ミックスピザ,recipe-mixed-pizza-dish.webp,こむぎこ,トマト,チーズ,たまねぎ,ベーコン,きのこ,recipe-game/assets/recipes/dishes/,OK
